City,Furnishing,BHK,Property_Type,Price_Lac
Kozhikode,Furnished,1,Flat,44.0
Kozhikode,Semi-Furnished,1,Flat,41.0
Kozhikode,Furnished,1,Flat,17.0
Kozhikode,Furnished,1,Flat,23.0
Kozhikode,Furnished,1,Flat,30.0
Kozhikode,Semi-Furnished,1,Flat,45.0
Kozhikode,Unfurnished,3,Flat,109.0
Kozhikode,Furnished,3,House,200.0
Kozhikode,Unfurnished,4,Villa,300.0
Kozhikode,Unfurnished,4,House,130.0
Kozhikode,Unfurnished,4,House,300.0
Kozhikode,Unfurnished,3,Villa,65.0
Kozhikode,Unfurnished,3,House,165.0
Kozhikode,Unfurnished,2,Flat,95.0
Kozhikode,Unfurnished,2,Flat,43.5
Kozhikode,Furnished,3,Flat,300.0
Kozhikode,Furnished,3,Flat,90.0
Kozhikode,Furnished,3,Flat,90.0
Kozhikode,Semi-Furnished,2,Flat,95.0
Kozhikode,Unfurnished,3,House,94.9
Kozhikode,Unfurnished,3,Villa,39.0
Kozhikode,Unfurnished,4,Villa,39.0
Kozhikode,Unfurnished,4,House,50.0
Kozhikode,Unfurnished,3,Flat,128.0
Kozhikode,Semi-Furnished,3,Flat,55.0
Kozhikode,Unfurnished,3,Flat,200.0
Kozhikode,Unfurnished,2,Flat,60.0
Kozhikode,Unfurnished,4,House,175.0
Kozhikode,Furnished,2,Flat,85.0
Kozhikode,Unfurnished,4,House,57.0
Kozhikode,Furnished,4,House,144.0
Kozhikode,Furnished,4,House,75.0
Kozhikode,Semi-Furnished,4,House,65.0
Kozhikode,Furnished,2,Flat,52.0
Kozhikode,Furnished,3,Flat,96.0
Kozhikode,Unfurnished,3,Flat,75.0
Kozhikode,Furnished,3,Flat,95.0
Kozhikode,Semi-Furnished,2,Flat,84.0
Kozhikode,Unfurnished,3,Flat,70.0
Kozhikode,Unfurnished,3,Flat,190.0
Kochi,Unfurnished,1,Flat,30.5
Kochi,Unfurnished,1,Flat,42.0
Kochi,Unfurnished,1,Flat,51.8
Kochi,Semi-Furnished,1,Flat,43.0
Kochi,Unfurnished,1,Flat,47.0
Kochi,Unfurnished,1,Flat,22.0
Kochi,Unfurnished,1,Flat,45.0
Kochi,Semi-Furnished,1,Flat,35.0
Kochi,Furnished,1,Flat,48.0
Kochi,Semi-Furnished,1,Flat,49.0
Kochi,Furnished,1,Flat,35.0
Kochi,Unfurnished,1,Flat,45.0
Kochi,Semi-Furnished,1,House,65.0
Kochi,Semi-Furnished,1,Flat,24.0
Kochi,Unfurnished,1,House,25.0
Kochi,Semi-Furnished,1,Flat,37.0
Kochi,Furnished,1,Flat,40.0
Kochi,Semi-Furnished,1,Flat,31.0
Kochi,Semi-Furnished,1,Flat,23.0
Kochi,Furnished,1,Flat,29.5
Kochi,Furnished,1,Flat,40.0
Kochi,Semi-Furnished,1,Flat,41.0
Kochi,Semi-Furnished,1,Flat,21.0
Kochi,Unfurnished,1,Flat,19.0
Kochi,Semi-Furnished,1,Flat,59.0
Kochi,Furnished,1,Flat,24.0
Trivandrum,Unfurnished,1,Flat,36.0
Trivandrum,Semi-Furnished,1,Flat,43.0
Trivandrum,Unfurnished,1,Flat,60.0
Trivandrum,Semi-Furnished,1,Flat,55.0
Trivandrum,Unfurnished,1,House,80.0
Trivandrum,Unfurnished,1,Flat,30.0
Trivandrum,Furnished,1,Flat,45.0
Trivandrum,Semi-Furnished,1,House,103.0
Trivandrum,Unfurnished,1,House,25.0
Trivandrum,Unfurnished,1,Villa,22.0
Trivandrum,Unfurnished,1,Flat,30.0
Trivandrum,Semi-Furnished,1,House,17.0
Trivandrum,Unfurnished,2,Flat,53.1
Trivandrum,Unfurnished,2,Flat,59.5
Trivandrum,Unfurnished,3,Flat,84.3
Trivandrum,Unfurnished,3,Flat,83.7
Trivandrum,Unfurnished,3,Flat,82.6
Trivandrum,Unfurnished,2,Flat,62.4
Trivandrum,Unfurnished,3,Flat,75.4
Trivandrum,Unfurnished,4,Villa,192.0
Trivandrum,Unfurnished,3,Flat,85.9
Trivandrum,Unfurnished,3,Flat,79.0
Trivandrum,Unfurnished,3,Flat,74.9
Trivandrum,Unfurnished,2,Flat,57.9
Trivandrum,Unfurnished,2,Flat,58.4
Trivandrum,Unfurnished,2,Flat,55.4
Trivandrum,Unfurnished,2,Flat,58.7
Trivandrum,Unfurnished,3,Flat,68.3
Trivandrum,Unfurnished,3,Flat,78.4
Trivandrum,Unfurnished,3,Flat,81.5
Trivandrum,Unfurnished,2,Flat,59.1
Trivandrum,Unfurnished,2,Flat,56.1
Trivandrum,Unfurnished,2,Flat,53.8
Trivandrum,Unfurnished,4,Villa,225.0
Trivandrum,Unfurnished,3,Villa,180.0
Trivandrum,Unfurnished,3,Villa,141.0
Trivandrum,Unfurnished,2,Flat,60.7
Trivandrum,Unfurnished,2,Flat,63.6
Mumbai,Semi-Furnished,1,Flat,83.0
Mumbai,Semi-Furnished,1,Flat,82.6
Mumbai,Unfurnished,1,Flat,119.0
Mumbai,Unfurnished,1,Flat,184.0
Mumbai,Unfurnished,1,Flat,124.0
Mumbai,Unfurnished,1,Flat,198.0
Mumbai,Unfurnished,1,Flat,198.0
Mumbai,Unfurnished,1,Flat,115.0
Mumbai,Unfurnished,1,Flat,212.0
Mumbai,Unfurnished,1,Flat,53.0
Mumbai,Unfurnished,1,Flat,117.0
Mumbai,Unfurnished,1,Flat,130.0
Mumbai,Unfurnished,1,Flat,63.0
Mumbai,Unfurnished,1,Flat,119.0
Mumbai,Unfurnished,1,Flat,81.0
Mumbai,Unfurnished,1,Flat,125.0
Mumbai,Unfurnished,1,Flat,104.0
Mumbai,Unfurnished,1,Flat,56.5
Mumbai,Unfurnished,1,Flat,111.0
Mumbai,Unfurnished,1,Flat,198.0
Mumbai,Unfurnished,1,Flat,112.0
Mumbai,Unfurnished,1,Flat,150.0
Mumbai,Unfurnished,1,Flat,198.0
Mumbai,Unfurnished,1,Flat,63.0
Mumbai,Unfurnished,1,Flat,140.0
Mumbai,Unfurnished,1,Flat,142.0
Mumbai,Unfurnished,1,Flat,102.0
Mumbai,Unfurnished,1,Flat,138.0
Mumbai,Unfurnished,1,Flat,99.5
Mumbai,Unfurnished,1,Flat,112.0
Bangalore,Unfurnished,1,Flat,92.0
Bangalore,Unfurnished,1,Flat,92.7
Bangalore,Unfurnished,1,Flat,72.8
Bangalore,Unfurnished,1,Flat,92.7
Bangalore,Unfurnished,1,Flat,96.3
Bangalore,Unfurnished,1,Flat,87.7
Bangalore,Unfurnished,1,Flat,82.1
Bangalore,Unfurnished,1,Flat,78.7
Bangalore,Unfurnished,1,Flat,92.0
Bangalore,Unfurnished,1,Flat,75.8
Bangalore,Unfurnished,1,Flat,66.0
Bangalore,Unfurnished,1,Flat,72.8
Bangalore,Unfurnished,1,Flat,110.0
Bangalore,Unfurnished,1,Flat,72.8
Bangalore,Unfurnished,1,Flat,110.0
Bangalore,Unfurnished,1,Flat,75.8
Bangalore,Unfurnished,1,Flat,92.0
Bangalore,Unfurnished,1,Flat,94.0
Bangalore,Unfurnished,1,Flat,71.5
Bangalore,Unfurnished,1,Flat,62.1
Bangalore,Unfurnished,1,Flat,55.0
Bangalore,Semi-Furnished,1,Flat,55.0
Bangalore,Unfurnished,1,Flat,84.9
Bangalore,Unfurnished,1,Flat,30.8
Bangalore,Unfurnished,1,Villa,60.9
Bangalore,Unfurnished,1,Flat,87.3
Bangalore,Semi-Furnished,1,Flat,85.0
Bangalore,Semi-Furnished,1,Flat,55.0
Bangalore,Unfurnished,1,Flat,65.0
Bangalore,Unfurnished,1,Flat,76.0
Kolkata,Unfurnished,1,Flat,43.7
Kolkata,Unfurnished,1,Flat,16.5
Kolkata,Unfurnished,1,Flat,24.5
Kolkata,Unfurnished,1,Flat,136.0
Kolkata,Unfurnished,1,Flat,26.8
Kolkata,Unfurnished,1,Flat,35.9
Kolkata,Unfurnished,1,Flat,26.8
Kolkata,Unfurnished,1,Flat,62.1
Kolkata,Unfurnished,1,Flat,30.0
Kolkata,Unfurnished,1,Flat,35.0
Kolkata,Unfurnished,1,Flat,22.0
Kolkata,Unfurnished,1,Flat,27.0
Kolkata,Unfurnished,1,Flat,27.0
Kolkata,Unfurnished,1,Flat,26.0
Kolkata,Unfurnished,1,Flat,22.0
Kolkata,Unfurnished,1,Flat,30.0
Kolkata,Unfurnished,1,Flat,20.2
Kolkata,Unfurnished,1,Flat,42.8
Kolkata,Unfurnished,1,Flat,25.9
Kolkata,Unfurnished,1,Flat,19.9
Kolkata,Unfurnished,1,Flat,25.9
Kolkata,Unfurnished,1,Flat,25.9
Kolkata,Semi-Furnished,1,Flat,19.0
Kolkata,Furnished,1,Flat,17.8
Kolkata,Unfurnished,1,Flat,110.0
Kolkata,Semi-Furnished,1,Flat,20.0
Kolkata,Unfurnished,1,Flat,21.0
Kolkata,Furnished,1,Flat,18.5
Kolkata,Semi-Furnished,1,Flat,24.0
Gurgaon,Unfurnished,1,Flat,224.0
Gurgaon,Unfurnished,1,Villa,1071.0
Gurgaon,Semi-Furnished,1,Flat,249.0
Gurgaon,Semi-Furnished,1,Flat,163.0
Gurgaon,Furnished,1,Flat,100.0
Gurgaon,Semi-Furnished,1,Flat,168.0
Gurgaon,Unfurnished,1,Flat,34.0
Gurgaon,Semi-Furnished,1,Flat,260.0
Gurgaon,Unfurnished,1,Flat,27.0
Gurgaon,Unfurnished,1,Flat,162.0
Gurgaon,Semi-Furnished,1,Flat,220.0
Gurgaon,Semi-Furnished,1,Flat,220.0
Gurgaon,Furnished,1,Flat,65.0
Gurgaon,Semi-Furnished,1,Flat,170.0
Gurgaon,Semi-Furnished,1,Flat,70.0
Gurgaon,Unfurnished,1,Flat,37.0
Gurgaon,Furnished,1,Flat,45.0
Gurgaon,Unfurnished,1,Villa,1625.0
Gurgaon,Furnished,1,Flat,230.0
Gurgaon,Semi-Furnished,1,Flat,79.5
Gurgaon,Furnished,1,Flat,130.0
Gurgaon,Semi-Furnished,1,Flat,50.0
Gurgaon,Semi-Furnished,1,Flat,95.0
Gurgaon,Unfurnished,1,House,375.0
Gurgaon,Furnished,1,Flat,29.0
Gurgaon,Furnished,1,Flat,180.0
Gurgaon,Unfurnished,1,Flat,36.0
Gurgaon,Furnished,1,Flat,352.0
Gurgaon,Furnished,1,Flat,128.0
Gurgaon,Semi-Furnished,1,Flat,50.0
Chennai,Unfurnished,1,Flat,39.8
Chennai,Semi-Furnished,1,Flat,33.3
Chennai,Furnished,1,Flat,70.0
Chennai,Unfurnished,1,Flat,38.4
Chennai,Unfurnished,1,Flat,29.1
Chennai,Unfurnished,1,Flat,31.8
Chennai,Unfurnished,1,Villa,45.0
Chennai,Unfurnished,1,Flat,78.0
Chennai,Unfurnished,1,Flat,32.0
Chennai,Unfurnished,1,Flat,39.0
Chennai,Unfurnished,1,Flat,28.0
Chennai,Unfurnished,1,Flat,44.0
Chennai,Unfurnished,1,Flat,52.8
Chennai,Unfurnished,1,Flat,47.0
Chennai,Unfurnished,1,Flat,19.5
Chennai,Semi-Furnished,1,Flat,62.8
Chennai,Semi-Furnished,1,Flat,35.0
Chennai,Unfurnished,1,Flat,41.5
Chennai,Semi-Furnished,1,House,32.0
Chennai,Semi-Furnished,1,Flat,36.0
Chennai,Unfurnished,1,Flat,55.0
Chennai,Unfurnished,1,Flat,28.0
Chennai,Unfurnished,1,Villa,30.0
Chennai,Unfurnished,1,Flat,55.0
Chennai,Unfurnished,1,Flat,32.0
Chennai,Unfurnished,1,House,50.0
Chennai,Semi-Furnished,1,Flat,45.0
Chennai,Semi-Furnished,1,Flat,30.0
Chennai,Unfurnished,1,Flat,118.0
Chennai,Unfurnished,1,Flat,29.6
Hyderabad,Unfurnished,1,Flat,28.0
Hyderabad,Unfurnished,1,Flat,54.8
Hyderabad,Unfurnished,1,Flat,36.0
Hyderabad,Furnished,1,Flat,32.0
Hyderabad,Semi-Furnished,1,Flat,37.0
Hyderabad,Unfurnished,1,House,49.0
Hyderabad,Furnished,1,Flat,30.0
Hyderabad,Unfurnished,1,House,426.0
Hyderabad,Unfurnished,1,Flat,39.0
Hyderabad,Semi-Furnished,1,Flat,29.0
Hyderabad,Furnished,1,Flat,34.0
Hyderabad,Furnished,1,Flat,37.0
Hyderabad,Unfurnished,1,Flat,35.0
Hyderabad,Unfurnished,1,Flat,30.0
Hyderabad,Unfurnished,1,Flat,32.0
Hyderabad,Furnished,1,Flat,26.0
Hyderabad,Unfurnished,1,Flat,25.0
Hyderabad,Unfurnished,1,Flat,30.0
Hyderabad,Unfurnished,1,Flat,30.0
Hyderabad,Unfurnished,1,Flat,26.0
Hyderabad,Semi-Furnished,1,Flat,24.0
Hyderabad,Unfurnished,1,House,364.0
Hyderabad,Unfurnished,1,House,30.0
Hyderabad,Semi-Furnished,1,Flat,27.0
Hyderabad,Semi-Furnished,1,Flat,35.0
Hyderabad,Unfurnished,1,Flat,34.0
Hyderabad,Semi-Furnished,1,House,55.0
Hyderabad,Unfurnished,1,Flat,52.0
Hyderabad,Unfurnished,1,House,21.0
Hyderabad,Unfurnished,1,House,60.0
Pune,Unfurnished,1,Flat,75.3
Pune,Unfurnished,1,Flat,75.3
Pune,Unfurnished,1,Flat,58.2
Pune,Unfurnished,1,Flat,70.4
Pune,Unfurnished,1,Flat,58.2
Pune,Unfurnished,1,Flat,67.0
Pune,Unfurnished,1,Flat,71.6
Pune,Unfurnished,1,Flat,75.3
Pune,Unfurnished,1,Flat,75.3
Pune,Unfurnished,1,Flat,59.3
Pune,Unfurnished,1,Flat,38.0
Pune,Unfurnished,1,Flat,60.6
Pune,Unfurnished,1,Flat,75.3
Pune,Unfurnished,1,Flat,50.7
Pune,Unfurnished,1,Flat,70.4
Pune,Unfurnished,1,Flat,58.2
Pune,Unfurnished,1,Flat,38.0
Pune,Unfurnished,1,Flat,49.0
Pune,Unfurnished,1,Flat,67.7
Pune,Unfurnished,1,Flat,71.6
Pune,Unfurnished,1,Flat,75.3
Pune,Unfurnished,1,Flat,63.8
Pune,Unfurnished,1,Flat,62.4
Pune,Unfurnished,1,Flat,62.4
Pune,Unfurnished,1,Flat,75.3
Pune,Unfurnished,1,Flat,54.0
Pune,Unfurnished,1,Flat,72.9
Pune,Unfurnished,1,Flat,75.3
Pune,Unfurnished,1,Flat,67.7
Pune,Unfurnished,1,Flat,50.7
Kozhikode,Unfurnished,2,Flat,95.0
Kozhikode,Unfurnished,2,Flat,43.5
Kozhikode,Semi-Furnished,2,Flat,95.0
Kozhikode,Unfurnished,2,Flat,60.0
Kozhikode,Furnished,2,Flat,52.0
Kozhikode,Semi-Furnished,2,Flat,95.0
Kozhikode,Furnished,2,Flat,54.5
Kozhikode,Unfurnished,2,House,36.0
Kozhikode,Furnished,2,House,130.0
Kozhikode,Semi-Furnished,2,House,13.0
Kozhikode,Furnished,2,Flat,115.0
Kozhikode,Unfurnished,2,Flat,80.0
Kozhikode,Unfurnished,2,House,35.0
Kozhikode,Semi-Furnished,2,House,92.0
Kozhikode,Semi-Furnished,2,House,95.0
Kozhikode,Unfurnished,2,House,28.0
Kozhikode,Furnished,2,Flat,100.0
Kozhikode,Unfurnished,2,House,40.0
Kozhikode,Unfurnished,2,Flat,46.0
Kozhikode,Unfurnished,2,Flat,49.0
Kozhikode,Unfurnished,2,Flat,1.7
Kozhikode,Semi-Furnished,2,House,28.0
Kozhikode,Semi-Furnished,2,Flat,48.0
Kozhikode,Furnished,2,Flat,54.5
Kozhikode,Unfurnished,2,House,40.0
Kozhikode,Furnished,2,Flat,64.5
Kochi,Unfurnished,2,Flat,52.8
Kochi,Unfurnished,2,Flat,94.0
Kochi,Unfurnished,2,Flat,85.0
Kochi,Unfurnished,2,Flat,72.0
Kochi,Unfurnished,2,Flat,70.1
Kochi,Furnished,2,Flat,42.0
Kochi,Unfurnished,2,Flat,85.0
Kochi,Unfurnished,2,Flat,82.0
Kochi,Unfurnished,2,Flat,70.0
Kochi,Furnished,2,Flat,75.0
Kochi,Semi-Furnished,2,Flat,60.0
Kochi,Unfurnished,2,Flat,115.0
Kochi,Semi-Furnished,2,Flat,65.0
Kochi,Semi-Furnished,2,Flat,45.0
Kochi,Semi-Furnished,2,Flat,51.5
Kochi,Semi-Furnished,2,Flat,38.0
Kochi,Unfurnished,2,Flat,64.0
Kochi,Unfurnished,2,Flat,40.0
Kochi,Unfurnished,2,Flat,45.0
Kochi,Semi-Furnished,2,Flat,45.0
Kochi,Unfurnished,2,Flat,85.0
Kochi,Unfurnished,2,Flat,85.0
Kochi,Semi-Furnished,2,Flat,41.0
Kochi,Unfurnished,2,Flat,55.0
Kochi,Semi-Furnished,2,Flat,58.0
Kochi,Semi-Furnished,2,Flat,55.0
Kochi,Unfurnished,2,Flat,79.3
Kochi,Unfurnished,2,Flat,69.0
Kochi,Unfurnished,2,Flat,68.0
Kochi,Unfurnished,2,Flat,80.0
Trivandrum,Unfurnished,2,Flat,53.1
Trivandrum,Furnished,2,Flat,34.0
Trivandrum,Semi-Furnished,2,Flat,62.0
Trivandrum,Semi-Furnished,2,Flat,68.0
Trivandrum,Semi-Furnished,2,Flat,49.0
Trivandrum,Semi-Furnished,2,Flat,85.0
Trivandrum,Unfurnished,2,Flat,75.0
Trivandrum,Semi-Furnished,2,Flat,44.0
Trivandrum,Semi-Furnished,2,Flat,90.0
Trivandrum,Unfurnished,2,Flat,78.0
Trivandrum,Unfurnished,2,Flat,84.8
Trivandrum,Semi-Furnished,2,Flat,60.0
Trivandrum,Unfurnished,2,Flat,72.0
Trivandrum,Furnished,2,Flat,53.0
Trivandrum,Unfurnished,2,Flat,73.0
Trivandrum,Semi-Furnished,2,Flat,25.0
Trivandrum,Unfurnished,2,House,70.0
Trivandrum,Unfurnished,2,Flat,49.0
Trivandrum,Semi-Furnished,2,House,145.0
Trivandrum,Unfurnished,2,Flat,60.4
Trivandrum,Unfurnished,2,Flat,81.8
Trivandrum,Unfurnished,2,Flat,83.3
Trivandrum,Unfurnished,2,House,152.0
Trivandrum,Semi-Furnished,2,Flat,85.0
Trivandrum,Semi-Furnished,2,Flat,72.0
Trivandrum,Unfurnished,2,House,165.0
Trivandrum,Semi-Furnished,2,Flat,45.0
Trivandrum,Unfurnished,2,House,30.0
Trivandrum,Unfurnished,2,Flat,76.0
Trivandrum,Furnished,2,Flat,70.0
Bangalore,Unfurnished,2,Flat,141.0
Bangalore,Unfurnished,2,Flat,97.0
Bangalore,Unfurnished,2,Flat,144.0
Bangalore,Unfurnished,2,Flat,127.0
Bangalore,Unfurnished,2,Flat,160.0
Bangalore,Unfurnished,2,Flat,100.0
Bangalore,Unfurnished,2,Flat,127.0
Bangalore,Unfurnished,2,Flat,141.0
Bangalore,Unfurnished,2,Flat,117.0
Bangalore,Unfurnished,2,Flat,186.0
Bangalore,Unfurnished,2,Flat,107.0
Bangalore,Unfurnished,2,Flat,124.0
Bangalore,Unfurnished,2,Flat,107.0
Bangalore,Unfurnished,2,Flat,103.0
Bangalore,Unfurnished,2,Flat,128.0
Bangalore,Unfurnished,2,Flat,145.0
Bangalore,Unfurnished,2,Flat,153.0
Bangalore,Unfurnished,2,Flat,149.0
Bangalore,Unfurnished,2,Flat,126.0
Bangalore,Unfurnished,2,Flat,125.0
Bangalore,Unfurnished,2,Flat,114.0
Bangalore,Unfurnished,2,Flat,96.6
Bangalore,Unfurnished,2,Flat,114.0
Bangalore,Unfurnished,2,Flat,100.0
Bangalore,Unfurnished,2,Flat,146.0
Bangalore,Unfurnished,2,Flat,147.0
Bangalore,Unfurnished,2,Flat,141.0
Bangalore,Unfurnished,2,Flat,124.0
Bangalore,Unfurnished,2,Flat,184.0
Bangalore,Unfurnished,2,Flat,104.0
Kolkata,Unfurnished,2,Flat,42.5
Kolkata,Unfurnished,2,Flat,90.9
Kolkata,Unfurnished,2,Flat,249.0
Kolkata,Unfurnished,2,Flat,59.1
Kolkata,Unfurnished,2,Flat,101.0
Kolkata,Unfurnished,2,Flat,57.2
Kolkata,Unfurnished,2,Flat,32.9
Kolkata,Unfurnished,2,Flat,46.0
Kolkata,Unfurnished,2,Flat,145.0
Kolkata,Unfurnished,2,Flat,43.7
Kolkata,Unfurnished,2,Flat,56.0
Kolkata,Unfurnished,2,Flat,64.0
Kolkata,Unfurnished,2,Flat,65.6
Kolkata,Unfurnished,2,Flat,77.0
Kolkata,Unfurnished,2,Flat,106.0
Kolkata,Unfurnished,2,Flat,46.0
Kolkata,Unfurnished,2,Flat,52.2
Kolkata,Unfurnished,2,Flat,53.4
Kolkata,Unfurnished,2,Flat,60.8
Kolkata,Unfurnished,2,Flat,54.0
Kolkata,Unfurnished,2,Flat,39.5
Kolkata,Unfurnished,2,Flat,41.1
Kolkata,Unfurnished,2,Flat,36.6
Kolkata,Unfurnished,2,Flat,35.7
Kolkata,Unfurnished,2,Flat,80.0
Kolkata,Unfurnished,2,Flat,32.0
Kolkata,Unfurnished,2,Flat,35.7
Kolkata,Unfurnished,2,Flat,52.1
Kolkata,Unfurnished,2,Flat,80.4
Kolkata,Unfurnished,2,Flat,59.6
Gurgaon,Unfurnished,2,Flat,408.0
Gurgaon,Unfurnished,2,Flat,251.0
Gurgaon,Unfurnished,2,Flat,198.0
Gurgaon,Unfurnished,2,Flat,232.0
Gurgaon,Unfurnished,2,Flat,175.0
Gurgaon,Unfurnished,2,Flat,251.0
Gurgaon,Unfurnished,2,Flat,143.0
Gurgaon,Unfurnished,2,Flat,147.0
Gurgaon,Unfurnished,2,Flat,255.0
Gurgaon,Unfurnished,2,Flat,167.0
Gurgaon,Unfurnished,2,Flat,239.0
Gurgaon,Unfurnished,2,Flat,233.0
Gurgaon,Unfurnished,2,Flat,305.0
Gurgaon,Unfurnished,2,Flat,448.0
Gurgaon,Unfurnished,2,Flat,162.0
Gurgaon,Unfurnished,2,Flat,248.0
Gurgaon,Unfurnished,2,Flat,162.0
Gurgaon,Unfurnished,2,Flat,405.0
Gurgaon,Unfurnished,2,Flat,575.0
Gurgaon,Unfurnished,2,Flat,471.0
Gurgaon,Unfurnished,2,Flat,305.0
Gurgaon,Unfurnished,2,Flat,264.0
Gurgaon,Unfurnished,2,Flat,198.0
Gurgaon,Unfurnished,2,Flat,265.0
Gurgaon,Unfurnished,2,Flat,162.0
Gurgaon,Unfurnished,2,Flat,198.0
Gurgaon,Unfurnished,2,Flat,321.0
Gurgaon,Unfurnished,2,Flat,154.0
Gurgaon,Unfurnished,2,Flat,471.0
Gurgaon,Unfurnished,2,Flat,143.0
Chennai,Unfurnished,2,Flat,114.0
Chennai,Unfurnished,2,Flat,60.6
Chennai,Unfurnished,2,Flat,82.8
Chennai,Semi-Furnished,2,Flat,82.9
Chennai,Furnished,2,Flat,120.0
Chennai,Unfurnished,2,Flat,78.9
Chennai,Unfurnished,2,Flat,71.2
Chennai,Unfurnished,2,Flat,135.0
Chennai,Unfurnished,2,Flat,233.0
Chennai,Unfurnished,2,Flat,29.0
Chennai,Furnished,2,Flat,121.0
Chennai,Unfurnished,2,Flat,148.0
Chennai,Unfurnished,2,Flat,55.3
Chennai,Unfurnished,2,Flat,74.2
Chennai,Unfurnished,2,Flat,97.0
Chennai,Unfurnished,2,Flat,92.0
Chennai,Unfurnished,2,Flat,72.5
Chennai,Unfurnished,2,Flat,55.3
Chennai,Unfurnished,2,Flat,46.8
Chennai,Unfurnished,2,Flat,91.0
Chennai,Unfurnished,2,Flat,82.8
Chennai,Unfurnished,2,Flat,226.0
Chennai,Unfurnished,2,Flat,46.0
Chennai,Unfurnished,2,Flat,57.2
Chennai,Unfurnished,2,Flat,64.0
Chennai,Unfurnished,2,Flat,66.8
Chennai,Unfurnished,2,Flat,39.4
Chennai,Unfurnished,2,Flat,99.0
Chennai,Unfurnished,2,Flat,60.3
Chennai,Unfurnished,2,Flat,51.8
Hyderabad,Unfurnished,2,Flat,115.0
Hyderabad,Unfurnished,2,Flat,114.0
Hyderabad,Unfurnished,2,Flat,75.0
Hyderabad,Unfurnished,2,Flat,76.8
Hyderabad,Unfurnished,2,Flat,67.0
Hyderabad,Unfurnished,2,Flat,70.0
Hyderabad,Unfurnished,2,Flat,50.4
Hyderabad,Unfurnished,2,Flat,73.1
Hyderabad,Unfurnished,2,Flat,92.6
Hyderabad,Unfurnished,2,Flat,65.3
Hyderabad,Unfurnished,2,Flat,160.0
Hyderabad,Unfurnished,2,Flat,61.1
Hyderabad,Unfurnished,2,Flat,59.4
Hyderabad,Unfurnished,2,Flat,75.9
Hyderabad,Unfurnished,2,Flat,104.0
Hyderabad,Unfurnished,2,Flat,72.0
Hyderabad,Unfurnished,2,Flat,87.7
Hyderabad,Unfurnished,2,Villa,295.0
Hyderabad,Semi-Furnished,2,Flat,76.5
Hyderabad,Unfurnished,2,Flat,97.5
Hyderabad,Unfurnished,2,Flat,52.5
Hyderabad,Unfurnished,2,Flat,87.5
Hyderabad,Unfurnished,2,Flat,69.9
Hyderabad,Unfurnished,2,Flat,53.8
Hyderabad,Semi-Furnished,2,Flat,79.5
Hyderabad,Unfurnished,2,Flat,76.0
Hyderabad,Unfurnished,2,Flat,72.7
Hyderabad,Unfurnished,2,Flat,83.1
Hyderabad,Semi-Furnished,2,Flat,92.4
Hyderabad,Unfurnished,2,Flat,75.3
Pune,Unfurnished,2,Flat,110.0
Pune,Unfurnished,2,Flat,96.4
Pune,Unfurnished,2,Flat,110.0
Pune,Unfurnished,2,Flat,80.6
Pune,Unfurnished,2,Flat,116.0
Pune,Unfurnished,2,Flat,100.0
Pune,Unfurnished,2,Flat,200.0
Pune,Unfurnished,2,Flat,88.5
Pune,Unfurnished,2,Flat,95.7
Pune,Unfurnished,2,Flat,55.1
Pune,Unfurnished,2,Flat,102.0
Pune,Unfurnished,2,Flat,170.0
Pune,Unfurnished,2,Flat,157.0
Pune,Unfurnished,2,Flat,110.0
Pune,Unfurnished,2,Flat,114.0
Pune,Unfurnished,2,Flat,85.6
Pune,Unfurnished,2,Flat,96.3
Pune,Unfurnished,2,Flat,111.0
Pune,Unfurnished,2,Flat,123.0
Pune,Unfurnished,2,Flat,81.5
Pune,Unfurnished,2,Flat,120.0
Pune,Unfurnished,2,Flat,120.0
Pune,Unfurnished,2,Flat,119.0
Pune,Unfurnished,2,Flat,175.0
Pune,Unfurnished,2,Flat,67.1
Pune,Unfurnished,2,Flat,93.2
Pune,Unfurnished,2,Flat,85.0
Pune,Unfurnished,2,Flat,231.0
Pune,Unfurnished,2,Flat,70.0
Pune,Unfurnished,2,Flat,112.0
Kozhikode,Unfurnished,3,Flat,109.0
Kozhikode,Furnished,3,House,200.0
Kozhikode,Unfurnished,3,Villa,65.0
Kozhikode,Unfurnished,3,House,165.0
Kozhikode,Furnished,3,Flat,300.0
Kozhikode,Furnished,3,Flat,90.0
Kozhikode,Unfurnished,3,House,94.9
Kozhikode,Unfurnished,3,Villa,39.0
Kozhikode,Unfurnished,3,Flat,128.0
Kozhikode,Semi-Furnished,3,Flat,55.0
Kozhikode,Furnished,3,Flat,96.0
Kozhikode,Furnished,3,Flat,55.0
Kozhikode,Furnished,3,Flat,110.0
Kozhikode,Furnished,3,House,220.0
Kozhikode,Unfurnished,3,House,82.0
Kozhikode,Semi-Furnished,3,Flat,45.0
Kozhikode,Unfurnished,3,Villa,87.0
Kozhikode,Unfurnished,3,Flat,85.0
Kozhikode,Furnished,3,Flat,300.0
Kozhikode,Unfurnished,3,Flat,95.0
Kozhikode,Furnished,3,House,62.0
Kozhikode,Unfurnished,3,Villa,72.0
Kozhikode,Unfurnished,3,Villa,80.0
Kozhikode,Semi-Furnished,3,Flat,125.0
Kozhikode,Unfurnished,3,House,100.0
Kochi,Unfurnished,3,Flat,217.0
Kochi,Unfurnished,3,Villa,110.0
Kochi,Semi-Furnished,3,Villa,85.0
Kochi,Unfurnished,3,Flat,223.0
Kochi,Unfurnished,3,Flat,160.0
Kochi,Unfurnished,3,Flat,285.0
Kochi,Unfurnished,3,Flat,83.9
Kochi,Furnished,3,Flat,235.0
Kochi,Unfurnished,3,Flat,210.0
Kochi,Unfurnished,3,Flat,80.0
Kochi,Semi-Furnished,3,Flat,110.0
Kochi,Unfurnished,3,House,38.0
Kochi,Unfurnished,3,House,105.0
Kochi,Furnished,3,Flat,62.0
Kochi,Furnished,3,Flat,85.0
Kochi,Unfurnished,3,House,125.0
Kochi,Unfurnished,3,Flat,66.0
Kochi,Semi-Furnished,3,Flat,50.0
Kochi,Unfurnished,3,Flat,86.0
Kochi,Semi-Furnished,3,Flat,180.0
Kochi,Semi-Furnished,3,Flat,83.0
Kochi,Semi-Furnished,3,House,83.0
Kochi,Semi-Furnished,3,Flat,95.0
Kochi,Unfurnished,3,Flat,72.0
Kochi,Furnished,3,House,87.9
Kochi,Semi-Furnished,3,Flat,31.0
Kochi,Unfurnished,3,House,85.0
Kochi,Unfurnished,3,Flat,105.0
Kochi,Furnished,3,Flat,64.0
Trivandrum,Unfurnished,3,Flat,84.3
Trivandrum,Unfurnished,3,Flat,218.0
Trivandrum,Unfurnished,3,Flat,169.0
Trivandrum,Unfurnished,3,Villa,65.0
Trivandrum,Semi-Furnished,3,Villa,99.0
Trivandrum,Unfurnished,3,Villa,165.0
Trivandrum,Unfurnished,3,Flat,139.0
Trivandrum,Unfurnished,3,Flat,93.0
Trivandrum,Semi-Furnished,3,Flat,68.0
Trivandrum,Unfurnished,3,Villa,58.0
Trivandrum,Unfurnished,3,Flat,38.0
Trivandrum,Unfurnished,3,House,72.0
Trivandrum,Unfurnished,3,House,100.0
Trivandrum,Unfurnished,3,House,68.0
Trivandrum,Unfurnished,3,Villa,135.0
Trivandrum,Unfurnished,3,Flat,118.0
Trivandrum,Semi-Furnished,3,Flat,80.0
Trivandrum,Semi-Furnished,3,House,100.0
Trivandrum,Semi-Furnished,3,House,68.0
Trivandrum,Unfurnished,3,Flat,60.0
Trivandrum,Unfurnished,3,Flat,55.0
Trivandrum,Unfurnished,3,Flat,80.0
Trivandrum,Furnished,3,House,58.0
Trivandrum,Semi-Furnished,3,House,55.0
Trivandrum,Semi-Furnished,3,Flat,115.0
Trivandrum,Unfurnished,3,House,60.0
Trivandrum,Unfurnished,3,House,70.0
Trivandrum,Semi-Furnished,3,Flat,85.0
Trivandrum,Semi-Furnished,3,Flat,95.0
Trivandrum,Unfurnished,3,Flat,175.0
Mumbai,Unfurnished,3,Flat,205.0
Mumbai,Unfurnished,3,Flat,290.0
Mumbai,Unfurnished,3,Flat,325.0
Mumbai,Unfurnished,3,Flat,348.0
Mumbai,Unfurnished,3,Flat,1359.0
Mumbai,Unfurnished,3,Flat,418.0
Mumbai,Unfurnished,3,Flat,326.0
Mumbai,Unfurnished,3,Flat,259.0
Mumbai,Unfurnished,3,Flat,286.0
Mumbai,Unfurnished,3,Flat,287.0
Mumbai,Unfurnished,3,Flat,241.0
Mumbai,Unfurnished,3,Flat,551.0
Mumbai,Unfurnished,3,Flat,341.0
Mumbai,Unfurnished,3,Flat,1158.0
Mumbai,Unfurnished,3,Flat,283.0
Mumbai,Unfurnished,3,Flat,620.0
Mumbai,Unfurnished,3,Flat,401.0
Mumbai,Unfurnished,3,Flat,515.0
Mumbai,Unfurnished,3,Flat,264.0
Mumbai,Unfurnished,3,Flat,410.0
Mumbai,Unfurnished,3,Flat,305.0
Mumbai,Unfurnished,3,Flat,550.0
Mumbai,Unfurnished,3,Flat,720.0
Mumbai,Unfurnished,3,Flat,401.0
Mumbai,Unfurnished,3,Flat,1305.0
Mumbai,Unfurnished,3,Flat,93.7
Mumbai,Unfurnished,3,Flat,236.0
Mumbai,Unfurnished,3,Flat,515.0
Mumbai,Unfurnished,3,Flat,424.0
Mumbai,Unfurnished,3,Flat,340.0
Kolkata,Unfurnished,3,Flat,155.0
Kolkata,Unfurnished,3,Flat,74.6
Kolkata,Semi-Furnished,3,Flat,165.0
Kolkata,Unfurnished,3,Flat,386.0
Kolkata,Unfurnished,3,Flat,155.0
Kolkata,Unfurnished,3,Flat,54.9
Kolkata,Unfurnished,3,Flat,253.0
Kolkata,Unfurnished,3,Flat,143.0
Kolkata,Unfurnished,3,Flat,77.3
Kolkata,Unfurnished,3,Flat,262.0
Kolkata,Unfurnished,3,Flat,38.2
Kolkata,Unfurnished,3,Flat,68.0
Kolkata,Unfurnished,3,Flat,173.0
Kolkata,Unfurnished,3,Flat,145.0
Kolkata,Unfurnished,3,Flat,68.0
Kolkata,Unfurnished,3,Flat,56.8
Kolkata,Unfurnished,3,Flat,244.0
Kolkata,Unfurnished,3,Flat,80.2
Kolkata,Unfurnished,3,Flat,292.0
Kolkata,Unfurnished,3,Flat,200.0
Kolkata,Unfurnished,3,Flat,81.9
Kolkata,Unfurnished,3,Flat,253.0
Kolkata,Unfurnished,3,Flat,253.0
Kolkata,Unfurnished,3,Flat,92.6
Kolkata,Unfurnished,3,Flat,168.0
Kolkata,Unfurnished,3,Flat,79.4
Kolkata,Unfurnished,3,Flat,262.0
Kolkata,Unfurnished,3,Flat,80.2
Kolkata,Unfurnished,3,Flat,246.0
Kolkata,Unfurnished,3,Flat,67.0
Chennai,Unfurnished,3,Flat,545.0
Chennai,Unfurnished,3,Flat,196.0
Chennai,Unfurnished,3,Flat,102.0
Chennai,Unfurnished,3,Flat,276.0
Chennai,Unfurnished,3,Flat,86.1
Chennai,Semi-Furnished,3,Flat,117.0
Chennai,Unfurnished,3,Flat,99.7
Chennai,Unfurnished,3,Flat,113.0
Chennai,Unfurnished,3,Flat,139.0
Chennai,Unfurnished,3,Flat,161.0
Chennai,Semi-Furnished,3,Flat,194.0
Chennai,Unfurnished,3,Flat,184.0
Chennai,Unfurnished,3,Flat,79.7
Chennai,Unfurnished,3,Flat,102.0
Chennai,Unfurnished,3,Flat,117.0
Chennai,Unfurnished,3,Flat,107.0
Chennai,Unfurnished,3,Flat,110.0
Chennai,Unfurnished,3,Flat,71.2
Chennai,Unfurnished,3,Flat,66.1
Chennai,Unfurnished,3,Flat,58.7
Chennai,Unfurnished,3,Flat,101.0
Chennai,Unfurnished,3,Flat,162.0
Chennai,Unfurnished,3,Flat,50.0
Chennai,Unfurnished,3,Flat,85.8
Chennai,Unfurnished,3,Flat,83.0
Chennai,Unfurnished,3,Flat,92.3
Chennai,Unfurnished,3,Flat,44.0
Chennai,Unfurnished,3,Flat,222.0
Chennai,Unfurnished,3,Flat,90.0
Chennai,Unfurnished,3,Flat,82.2
Hyderabad,Unfurnished,3,Flat,170.0
Hyderabad,Unfurnished,3,Flat,132.0
Hyderabad,Semi-Furnished,3,Flat,109.0
Hyderabad,Unfurnished,3,Flat,286.0
Hyderabad,Unfurnished,3,Flat,234.0
Hyderabad,Unfurnished,3,Flat,154.0
Hyderabad,Unfurnished,3,Flat,159.0
Hyderabad,Unfurnished,3,Flat,172.0
Hyderabad,Unfurnished,3,Flat,106.0
Hyderabad,Unfurnished,3,Flat,108.0
Hyderabad,Unfurnished,3,Villa,283.0
Hyderabad,Unfurnished,3,Villa,211.0
Hyderabad,Unfurnished,3,Flat,95.5
Hyderabad,Unfurnished,3,Flat,377.0
Hyderabad,Unfurnished,3,Flat,67.5
Hyderabad,Unfurnished,3,Villa,303.0
Hyderabad,Unfurnished,3,Villa,250.0
Hyderabad,Unfurnished,3,Flat,255.0
Hyderabad,Unfurnished,3,Flat,67.8
Hyderabad,Unfurnished,3,Flat,203.0
Hyderabad,Unfurnished,3,Flat,181.0
Hyderabad,Unfurnished,3,Flat,85.7
Hyderabad,Unfurnished,3,Flat,167.0
Hyderabad,Unfurnished,3,Flat,94.4
Hyderabad,Unfurnished,3,Flat,274.0
Hyderabad,Semi-Furnished,3,Flat,98.0
Hyderabad,Unfurnished,3,Flat,165.0
Hyderabad,Unfurnished,3,Flat,214.0
Hyderabad,Unfurnished,3,Villa,184.0
Hyderabad,Unfurnished,3,Villa,1000.0
Pune,Unfurnished,3,Flat,156.0
Pune,Unfurnished,3,Flat,173.0
Pune,Unfurnished,3,Flat,175.0
Pune,Unfurnished,3,Flat,280.0
Pune,Unfurnished,3,Flat,335.0
Pune,Unfurnished,3,Flat,218.0
Pune,Unfurnished,3,Flat,175.0
Pune,Unfurnished,3,Flat,150.0
Pune,Unfurnished,3,Flat,122.0
Pune,Unfurnished,3,Flat,263.0
Pune,Unfurnished,3,Flat,197.0
Pune,Unfurnished,3,Flat,184.0
Pune,Unfurnished,3,Flat,180.0
Pune,Unfurnished,3,Flat,171.0
Pune,Unfurnished,3,Flat,191.0
Pune,Unfurnished,3,Flat,197.0
Pune,Unfurnished,3,Flat,70.8
Pune,Unfurnished,3,Flat,112.0
Pune,Unfurnished,3,Flat,134.0
Pune,Unfurnished,3,Flat,295.0
Pune,Unfurnished,3,Flat,173.0
Pune,Unfurnished,3,Flat,102.0
Pune,Unfurnished,3,Flat,158.0
Pune,Unfurnished,3,Flat,132.0
Pune,Unfurnished,3,Flat,152.0
Pune,Unfurnished,3,Flat,105.0
Pune,Unfurnished,3,Flat,127.0
Pune,Unfurnished,3,Flat,172.0
Pune,Unfurnished,3,Flat,166.0
Pune,Unfurnished,3,Flat,317.0
Kozhikode,Unfurnished,4,Villa,300.0
Kozhikode,Unfurnished,4,House,130.0
Kozhikode,Unfurnished,4,Villa,39.0
Kozhikode,Unfurnished,4,House,50.0
Kozhikode,Unfurnished,4,House,175.0
Kozhikode,Furnished,4,Flat,90.0
Kozhikode,Unfurnished,4,Villa,130.0
Kozhikode,Semi-Furnished,4,House,135.0
Kozhikode,Furnished,4,House,70.0
Kozhikode,Unfurnished,4,House,175.0
Kozhikode,Semi-Furnished,4,House,120.0
Kozhikode,Unfurnished,4,Villa,85.0
Kozhikode,Unfurnished,4,House,175.0
Kozhikode,Unfurnished,4,House,300.0
Kozhikode,Unfurnished,4,House,120.0
Kozhikode,Furnished,4,House,100.0
Kozhikode,Unfurnished,4,Villa,145.0
Kozhikode,Unfurnished,4,House,9.0
Kozhikode,Unfurnished,4,Villa,160.0
Kozhikode,Semi-Furnished,4,House,75.0
Kozhikode,Semi-Furnished,4,Flat,150.0
Kozhikode,Semi-Furnished,4,House,79.0
Kozhikode,Semi-Furnished,4,House,55.0
Kozhikode,Unfurnished,4,House,53.0
Kozhikode,Unfurnished,4,House,62.0
Kozhikode,Semi-Furnished,4,House,265.0
Kozhikode,Unfurnished,4,House,95.0
Kochi,Unfurnished,4,Flat,259.0
Kochi,Semi-Furnished,4,Villa,120.0
Kochi,Unfurnished,4,Villa,166.0
Kochi,Unfurnished,4,Flat,279.0
Kochi,Unfurnished,4,Flat,299.0
Kochi,Unfurnished,4,Flat,386.0
Kochi,Furnished,4,Villa,650.0
Kochi,Semi-Furnished,4,Villa,300.0
Kochi,Semi-Furnished,4,House,120.0
Kochi,Unfurnished,4,Villa,400.0
Kochi,Unfurnished,4,Villa,165.0
Kochi,Unfurnished,4,Flat,218.0
Kochi,Unfurnished,4,Villa,96.0
Kochi,Semi-Furnished,4,Villa,119.0
Kochi,Unfurnished,4,Flat,250.0
Kochi,Semi-Furnished,4,Villa,110.0
Kochi,Furnished,4,House,98.0
Kochi,Furnished,4,Villa,160.0
Kochi,Semi-Furnished,4,Villa,270.0
Kochi,Semi-Furnished,4,Villa,159.0
Kochi,Furnished,4,Villa,115.0
Kochi,Unfurnished,4,Villa,160.0
Kochi,Furnished,4,Villa,315.0
Kochi,Furnished,4,Villa,185.0
Kochi,Semi-Furnished,4,Flat,375.0
Kochi,Semi-Furnished,4,Villa,89.0
Kochi,Unfurnished,4,Villa,330.0
Kochi,Furnished,4,Flat,360.0
Kochi,Unfurnished,4,Flat,420.0
Kochi,Unfurnished,4,Flat,140.0
Trivandrum,Unfurnished,4,Villa,192.0
Trivandrum,Unfurnished,4,Flat,258.0
Trivandrum,Semi-Furnished,4,Villa,170.0
Trivandrum,Furnished,4,House,85.0
Trivandrum,Unfurnished,4,House,65.0
Trivandrum,Furnished,4,House,200.0
Trivandrum,Semi-Furnished,4,House,95.0
Trivandrum,Furnished,4,Flat,350.0
Trivandrum,Semi-Furnished,4,Flat,180.0
Trivandrum,Unfurnished,4,House,68.0
Trivandrum,Unfurnished,4,House,80.0
Trivandrum,Semi-Furnished,4,Villa,84.0
Trivandrum,Unfurnished,4,Villa,105.0
Trivandrum,Unfurnished,4,Flat,300.0
Trivandrum,Semi-Furnished,4,Flat,300.0
Trivandrum,Unfurnished,4,Flat,138.0
Trivandrum,Unfurnished,4,Flat,266.0
Trivandrum,Semi-Furnished,4,House,260.0
Trivandrum,Unfurnished,4,Villa,120.0
Trivandrum,Unfurnished,4,Flat,135.0
Trivandrum,Semi-Furnished,4,House,45.0
Trivandrum,Semi-Furnished,4,House,95.0
Trivandrum,Semi-Furnished,4,House,125.0
Trivandrum,Furnished,4,House,110.0
Trivandrum,Semi-Furnished,4,House,55.0
Trivandrum,Semi-Furnished,4,House,125.0
Trivandrum,Furnished,4,House,100.0
Trivandrum,Unfurnished,4,House,60.0
Mumbai,Unfurnished,4,Flat,615.0
Mumbai,Furnished,4,Flat,1599.0
Mumbai,Unfurnished,4,Flat,548.0
Mumbai,Semi-Furnished,4,Flat,725.0
Mumbai,Unfurnished,4,Flat,530.0
Mumbai,Unfurnished,4,Flat,1025.0
Mumbai,Semi-Furnished,4,Flat,950.0
Mumbai,Unfurnished,4,Flat,664.0
Mumbai,Unfurnished,4,Flat,880.0
Mumbai,Semi-Furnished,4,Flat,500.0
Mumbai,Semi-Furnished,4,Flat,450.0
Mumbai,Unfurnished,4,Flat,1700.0
Mumbai,Unfurnished,4,Flat,1300.0
Mumbai,Unfurnished,4,Flat,402.0
Mumbai,Unfurnished,4,Flat,425.0
Mumbai,Unfurnished,4,Flat,699.0
Mumbai,Semi-Furnished,4,Flat,985.0
Mumbai,Unfurnished,4,Flat,730.0
Mumbai,Semi-Furnished,4,Flat,550.0
Mumbai,Unfurnished,4,Flat,600.0
Mumbai,Unfurnished,4,Flat,575.0
Mumbai,Unfurnished,4,Flat,4100.0
Mumbai,Unfurnished,4,Flat,430.0
Mumbai,Semi-Furnished,4,Flat,1100.0
Mumbai,Unfurnished,4,Flat,1500.0
Mumbai,Semi-Furnished,4,Flat,1300.0
Mumbai,Unfurnished,4,Flat,1300.0
Mumbai,Semi-Furnished,4,Flat,999.0
Mumbai,Semi-Furnished,4,Flat,985.0
Mumbai,Unfurnished,4,Flat,501.0
Bangalore,Semi-Furnished,4,Flat,342.0
Bangalore,Semi-Furnished,4,Villa,1150.0
Bangalore,Semi-Furnished,4,Villa,259.0
Bangalore,Unfurnished,4,Flat,440.0
Bangalore,Semi-Furnished,4,Flat,450.0
Bangalore,Unfurnished,4,Flat,350.0
Bangalore,Unfurnished,4,Flat,420.0
Bangalore,Semi-Furnished,4,Flat,1200.0
Bangalore,Unfurnished,4,Villa,290.0
Bangalore,Unfurnished,4,Flat,875.0
Bangalore,Unfurnished,4,Flat,666.0
Bangalore,Unfurnished,4,Villa,221.0
Bangalore,Unfurnished,4,Villa,302.0
Bangalore,Unfurnished,4,Villa,176.0
Bangalore,Unfurnished,4,Flat,350.0
Bangalore,Unfurnished,4,Villa,330.0
Bangalore,Unfurnished,4,Flat,219.0
Bangalore,Unfurnished,4,Villa,471.0
Bangalore,Unfurnished,4,Villa,271.0
Bangalore,Unfurnished,4,Villa,560.0
Bangalore,Semi-Furnished,4,Villa,350.0
Bangalore,Unfurnished,4,Flat,970.0
Bangalore,Semi-Furnished,4,Villa,238.0
Bangalore,Unfurnished,4,Flat,621.0
Bangalore,Unfurnished,4,Flat,327.0
Bangalore,Unfurnished,4,Villa,215.0
Bangalore,Unfurnished,4,Flat,267.0
Bangalore,Unfurnished,4,Flat,860.0
Bangalore,Unfurnished,4,Flat,115.0
Bangalore,Unfurnished,4,Flat,375.0
Kolkata,Semi-Furnished,4,Flat,199.0
Kolkata,Unfurnished,4,Flat,630.0
Kolkata,Unfurnished,4,Flat,276.0
Kolkata,Unfurnished,4,Flat,340.0
Kolkata,Unfurnished,4,Flat,191.0
Kolkata,Unfurnished,4,Flat,297.0
Kolkata,Unfurnished,4,Flat,417.0
Kolkata,Unfurnished,4,Flat,253.0
Kolkata,Unfurnished,4,Flat,188.0
Kolkata,Unfurnished,4,Flat,89.7
Kolkata,Unfurnished,4,Flat,337.0
Kolkata,Unfurnished,4,Flat,283.0
Kolkata,Unfurnished,4,Flat,116.0
Kolkata,Unfurnished,4,Flat,404.0
Kolkata,Unfurnished,4,Flat,205.0
Kolkata,Unfurnished,4,Flat,125.0
Kolkata,Unfurnished,4,Flat,340.0
Kolkata,Unfurnished,4,Flat,469.0
Kolkata,Unfurnished,4,Flat,340.0
Kolkata,Unfurnished,4,Flat,417.0
Kolkata,Unfurnished,4,Flat,125.0
Kolkata,Unfurnished,4,Flat,487.0
Kolkata,Unfurnished,4,Flat,187.0
Kolkata,Unfurnished,4,Villa,80.0
Kolkata,Unfurnished,4,Flat,207.0
Kolkata,Semi-Furnished,4,Flat,430.0
Kolkata,Unfurnished,4,Flat,216.0
Kolkata,Semi-Furnished,4,Flat,300.0
Kolkata,Semi-Furnished,4,Flat,190.0
Kolkata,Unfurnished,4,Flat,529.0
Gurgaon,Semi-Furnished,4,Flat,385.0
Gurgaon,Semi-Furnished,4,Flat,600.0
Gurgaon,Semi-Furnished,4,Flat,669.0
Gurgaon,Semi-Furnished,4,Flat,670.0
Gurgaon,Semi-Furnished,4,Flat,250.0
Gurgaon,Semi-Furnished,4,Flat,350.0
Gurgaon,Semi-Furnished,4,Flat,1050.0
Gurgaon,Semi-Furnished,4,Flat,400.0
Gurgaon,Semi-Furnished,4,Flat,640.0
Gurgaon,Semi-Furnished,4,Flat,265.0
Gurgaon,Semi-Furnished,4,Flat,365.0
Gurgaon,Semi-Furnished,4,Flat,450.0
Gurgaon,Unfurnished,4,Flat,280.0
Gurgaon,Semi-Furnished,4,Flat,640.0
Gurgaon,Unfurnished,4,Flat,349.0
Gurgaon,Semi-Furnished,4,Flat,850.0
Gurgaon,Semi-Furnished,4,Flat,900.0
Gurgaon,Semi-Furnished,4,Flat,210.0
Gurgaon,Semi-Furnished,4,Flat,500.0
Gurgaon,Semi-Furnished,4,Flat,390.0
Gurgaon,Semi-Furnished,4,Flat,840.0
Gurgaon,Semi-Furnished,4,Flat,390.0
Gurgaon,Furnished,4,Flat,395.0
Gurgaon,Semi-Furnished,4,Flat,358.0
Gurgaon,Furnished,4,Flat,360.0
Gurgaon,Semi-Furnished,4,Flat,5800.0
Gurgaon,Semi-Furnished,4,Flat,850.0
Gurgaon,Furnished,4,Flat,399.0
Gurgaon,Semi-Furnished,4,Flat,425.0
Gurgaon,Semi-Furnished,4,Flat,450.0
Chennai,Semi-Furnished,4,Flat,655.0
Chennai,Unfurnished,4,Villa,128.0
Chennai,Unfurnished,4,Flat,192.0
Chennai,Unfurnished,4,Flat,378.0
Chennai,Unfurnished,4,Flat,350.0
Chennai,Unfurnished,4,Flat,179.0
Chennai,Unfurnished,4,Flat,161.0
Chennai,Semi-Furnished,4,Flat,128.0
Chennai,Unfurnished,4,Flat,342.0
Chennai,Unfurnished,4,Villa,175.0
Chennai,Unfurnished,4,Flat,399.0
Chennai,Unfurnished,4,Flat,115.0
Chennai,Semi-Furnished,4,Villa,750.0
Chennai,Unfurnished,4,Villa,159.0
Chennai,Unfurnished,4,Flat,798.0
Chennai,Unfurnished,4,Villa,422.0
Chennai,Unfurnished,4,Flat,417.0
Chennai,Semi-Furnished,4,Flat,150.0
Chennai,Semi-Furnished,4,Flat,272.0
Chennai,Unfurnished,4,Flat,680.0
Chennai,Unfurnished,4,Flat,237.0
Chennai,Unfurnished,4,Flat,828.0
Chennai,Unfurnished,4,Villa,517.0
Chennai,Unfurnished,4,Flat,199.0
Chennai,Unfurnished,4,Flat,275.0
Chennai,Unfurnished,4,Flat,150.0
Chennai,Semi-Furnished,4,Flat,430.0
Chennai,Semi-Furnished,4,Flat,375.0
Chennai,Unfurnished,4,Villa,163.0
Chennai,Unfurnished,4,Flat,228.0
Hyderabad,Unfurnished,4,Flat,470.0
Hyderabad,Unfurnished,4,Flat,823.0
Hyderabad,Unfurnished,4,Villa,210.0
Hyderabad,Unfurnished,4,Flat,318.0
Hyderabad,Unfurnished,4,Flat,400.0
Hyderabad,Semi-Furnished,4,Flat,936.0
Hyderabad,Unfurnished,4,Villa,430.0
Hyderabad,Unfurnished,4,Flat,183.0
Hyderabad,Unfurnished,4,Villa,290.0
Hyderabad,Unfurnished,4,Villa,1000.0
Hyderabad,Unfurnished,4,Villa,370.0
Hyderabad,Unfurnished,4,Flat,441.0
Hyderabad,Unfurnished,4,Flat,346.0
Hyderabad,Unfurnished,4,Flat,238.0
Hyderabad,Unfurnished,4,Flat,300.0
Hyderabad,Semi-Furnished,4,Flat,173.0
Hyderabad,Unfurnished,4,Flat,232.0
Hyderabad,Unfurnished,4,Villa,133.0
Hyderabad,Unfurnished,4,Villa,249.0
Hyderabad,Unfurnished,4,Flat,180.0
Hyderabad,Unfurnished,4,Villa,215.0
Hyderabad,Unfurnished,4,Villa,510.0
Hyderabad,Unfurnished,4,Flat,732.0
Hyderabad,Unfurnished,4,Villa,378.0
Hyderabad,Unfurnished,4,Villa,250.0
Hyderabad,Unfurnished,4,Villa,427.0
Hyderabad,Unfurnished,4,Flat,478.0
Hyderabad,Unfurnished,4,Villa,622.0
Hyderabad,Semi-Furnished,4,Flat,120.0
Hyderabad,Unfurnished,4,Flat,529.0
Pune,Furnished,4,Flat,240.0
Pune,Unfurnished,4,Villa,250.0
Pune,Furnished,4,Villa,260.0
Pune,Unfurnished,4,Flat,210.0
Pune,Semi-Furnished,4,Flat,228.0
Pune,Semi-Furnished,4,Flat,235.0
Pune,Semi-Furnished,4,Flat,410.0
Pune,Unfurnished,4,Flat,246.0
Pune,Unfurnished,4,Flat,250.0
Pune,Semi-Furnished,4,Flat,350.0
Pune,Unfurnished,4,Flat,220.0
Pune,Unfurnished,4,Flat,1090.0
Pune,Semi-Furnished,4,Flat,315.0
Pune,Unfurnished,4,Flat,270.0
Pune,Unfurnished,4,Flat,422.0
Pune,Unfurnished,4,Flat,350.0
Pune,Unfurnished,4,Flat,361.0
Pune,Semi-Furnished,4,Flat,238.0
Pune,Unfurnished,4,Flat,219.0
Pune,Semi-Furnished,4,Flat,180.0
Pune,Semi-Furnished,4,Flat,142.0
Pune,Unfurnished,4,Flat,142.0
Pune,Unfurnished,4,Flat,199.0
Pune,Unfurnished,4,Flat,319.0
Pune,Unfurnished,4,Flat,185.0
Pune,Unfurnished,4,Flat,600.0
Pune,Semi-Furnished,4,Flat,275.0
Pune,Unfurnished,4,Flat,180.0
Pune,Semi-Furnished,4,Flat,208.0
Pune,Unfurnished,4,Flat,145.0
Kozhikode,Unfurnished,5,Flat,225.0
Kozhikode,Furnished,5,House,90.0
Kozhikode,Unfurnished,5,Villa,95.0
Kozhikode,Unfurnished,5,House,50.0
Kozhikode,Semi-Furnished,5,Villa,70.0
Kozhikode,Semi-Furnished,5,House,100.0
Kozhikode,Unfurnished,5,House,150.0
Kozhikode,Unfurnished,5,House,115.0
Kozhikode,Unfurnished,5,House,85.0
Kozhikode,Semi-Furnished,5,House,450.0
Kozhikode,Unfurnished,5,House,310.0
Kozhikode,Furnished,5,House,90.0
Kozhikode,Semi-Furnished,5,Villa,72.0
Kozhikode,Unfurnished,3,Flat,109.0
Kozhikode,Furnished,3,House,200.0
Kozhikode,Unfurnished,4,Villa,300.0
Kozhikode,Unfurnished,4,House,130.0
Kozhikode,Unfurnished,4,House,300.0
Kozhikode,Unfurnished,3,Villa,65.0
Kozhikode,Unfurnished,3,House,165.0
Kozhikode,Unfurnished,2,Flat,95.0
Kozhikode,Unfurnished,2,Flat,43.5
Kozhikode,Furnished,3,Flat,300.0
Kozhikode,Furnished,3,Flat,90.0
Kozhikode,Furnished,3,Flat,90.0
Kozhikode,Semi-Furnished,2,Flat,95.0
Kozhikode,Unfurnished,3,House,94.9
Kozhikode,Unfurnished,3,Villa,39.0
Kozhikode,Unfurnished,4,Villa,39.0
Kozhikode,Unfurnished,4,House,50.0
Kozhikode,Unfurnished,3,Flat,128.0
Kozhikode,Semi-Furnished,3,Flat,55.0
Kozhikode,Unfurnished,3,Flat,200.0
Kozhikode,Unfurnished,2,Flat,60.0
Kozhikode,Unfurnished,4,House,175.0
Kozhikode,Furnished,2,Flat,85.0
Kozhikode,Unfurnished,4,House,57.0
Kozhikode,Furnished,4,House,144.0
Kochi,Unfurnished,5,Villa,340.0
Kochi,Unfurnished,5,Villa,350.0
Kochi,Unfurnished,5,Flat,275.0
Kochi,Semi-Furnished,5,House,310.0
Kochi,Unfurnished,5,House,375.0
Kochi,Unfurnished,5,Villa,340.0
Kochi,Semi-Furnished,5,House,435.0
Kochi,Unfurnished,5,House,400.0
Kochi,Unfurnished,5,Villa,216.0
Kochi,Semi-Furnished,5,House,200.0
Kochi,Semi-Furnished,5,Flat,460.0
Kochi,Semi-Furnished,5,Villa,120.0
Kochi,Furnished,5,Flat,150.0
Kochi,Unfurnished,5,House,200.0
Kochi,Unfurnished,5,House,750.0
Kochi,Furnished,5,Villa,150.0
Kochi,Semi-Furnished,5,House,82.0
Kochi,Semi-Furnished,5,Villa,260.0
Kochi,Furnished,5,House,300.0
Kochi,Semi-Furnished,5,House,165.0
Kochi,Furnished,5,House,83.0
Kochi,Unfurnished,5,House,200.0
Kochi,Semi-Furnished,5,Villa,85.0
Kochi,Unfurnished,5,House,70.0
Kochi,Furnished,5,Villa,425.0
Kochi,Semi-Furnished,5,House,170.0
Kochi,Unfurnished,5,House,125.0
Kochi,Semi-Furnished,5,House,145.0
Kochi,Semi-Furnished,5,House,170.0
Kochi,Semi-Furnished,5,Villa,300.0
Mumbai,Semi-Furnished,5,Flat,1050.0
Mumbai,Semi-Furnished,5,Flat,1175.0
Mumbai,Semi-Furnished,5,Flat,1450.0
Mumbai,Unfurnished,5,Flat,500.0
Mumbai,Semi-Furnished,5,Flat,1450.0
Mumbai,Semi-Furnished,5,Flat,1870.0
Mumbai,Unfurnished,5,Flat,692.0
Mumbai,Semi-Furnished,5,Flat,3500.0
Mumbai,Unfurnished,5,Flat,575.0
Mumbai,Semi-Furnished,5,Flat,3200.0
Mumbai,Unfurnished,5,Flat,2600.0
Mumbai,Unfurnished,5,Flat,1260.0
Mumbai,Furnished,5,Flat,1200.0
Mumbai,Semi-Furnished,5,Flat,1200.0
Mumbai,Semi-Furnished,5,Flat,1275.0
Mumbai,Unfurnished,5,Flat,1325.0
Mumbai,Semi-Furnished,5,Flat,1050.0
Mumbai,Semi-Furnished,5,Flat,1075.0
Mumbai,Furnished,5,Flat,975.0
Mumbai,Semi-Furnished,5,Flat,2000.0
Mumbai,Semi-Furnished,5,Flat,2250.0
Mumbai,Unfurnished,5,Flat,1111.0
Mumbai,Semi-Furnished,5,Flat,1860.0
Mumbai,Unfurnished,5,Flat,1700.0
Mumbai,Unfurnished,5,Flat,746.0
Mumbai,Unfurnished,5,Flat,692.0
Mumbai,Furnished,5,Flat,850.0
Mumbai,Unfurnished,5,Flat,525.0
Mumbai,Unfurnished,5,Flat,670.0
Mumbai,Unfurnished,5,Flat,1539.0
Bangalore,Semi-Furnished,5,Flat,1800.0
Bangalore,Unfurnished,5,Flat,1550.0
Bangalore,Unfurnished,5,Flat,1021.0
Bangalore,Unfurnished,5,Villa,420.0
Bangalore,Unfurnished,5,Flat,291.0
Bangalore,Unfurnished,5,Villa,382.0
Bangalore,Unfurnished,5,Flat,747.0
Bangalore,Unfurnished,5,Flat,1630.0
Bangalore,Unfurnished,5,Villa,537.0
Bangalore,Unfurnished,5,Villa,239.0
Bangalore,Semi-Furnished,5,House,1850.0
Bangalore,Semi-Furnished,5,Villa,370.0
Bangalore,Semi-Furnished,5,House,450.0
Bangalore,Unfurnished,5,Villa,820.0
Bangalore,Unfurnished,5,Villa,1270.0
Bangalore,Unfurnished,5,Flat,640.0
Bangalore,Semi-Furnished,5,Flat,1172.0
Bangalore,Semi-Furnished,5,House,600.0
Bangalore,Unfurnished,5,Villa,325.0
Bangalore,Unfurnished,5,Flat,787.0
Bangalore,Unfurnished,5,Villa,589.0
Bangalore,Furnished,5,Flat,750.0
Bangalore,Unfurnished,5,Villa,600.0
Bangalore,Unfurnished,5,Villa,484.0
Bangalore,Unfurnished,5,Villa,415.0
Bangalore,Unfurnished,5,Flat,280.0
Bangalore,Unfurnished,5,Flat,700.0
Bangalore,Unfurnished,5,Flat,552.0
Bangalore,Unfurnished,5,Flat,850.0
Bangalore,Furnished,5,Villa,900.0
Kolkata,Unfurnished,5,Flat,465.0
Kolkata,Unfurnished,5,Flat,558.0
Kolkata,Unfurnished,5,Flat,560.0
Kolkata,Unfurnished,5,Flat,506.0
Kolkata,Unfurnished,5,Flat,484.0
Kolkata,Unfurnished,5,Flat,1450.0
Kolkata,Unfurnished,5,Flat,465.0
Kolkata,Unfurnished,5,Flat,568.0
Kolkata,Unfurnished,5,Flat,568.0
Kolkata,Unfurnished,5,Flat,568.0
Kolkata,Unfurnished,5,Flat,558.0
Kolkata,Unfurnished,5,Flat,558.0
Kolkata,Unfurnished,5,Flat,563.0
Kolkata,Unfurnished,5,Flat,706.0
Kolkata,Unfurnished,5,Flat,484.0
Kolkata,Unfurnished,5,Flat,215.0
Kolkata,Unfurnished,5,Flat,430.0
Kolkata,Unfurnished,5,Flat,490.0
Kolkata,Unfurnished,5,Villa,139.0
Kolkata,Unfurnished,5,Flat,438.0
Kolkata,Unfurnished,5,Flat,348.0
Kolkata,Unfurnished,5,Flat,606.0
Kolkata,Furnished,5,Flat,300.0
Kolkata,Unfurnished,5,Flat,750.0
Kolkata,Unfurnished,5,Flat,449.0
Kolkata,Unfurnished,5,Flat,350.0
Kolkata,Semi-Furnished,5,Flat,450.0
Kolkata,Unfurnished,5,Flat,273.0
Kolkata,Unfurnished,5,Flat,394.0
Kolkata,Unfurnished,5,Flat,505.0
Gurgaon,Unfurnished,5,Flat,867.0
Gurgaon,Semi-Furnished,5,Flat,500.0
Gurgaon,Semi-Furnished,5,Flat,610.0
Gurgaon,Semi-Furnished,5,Flat,675.0
Gurgaon,Unfurnished,5,Villa,1750.0
Gurgaon,Unfurnished,5,Flat,1300.0
Gurgaon,Semi-Furnished,5,Flat,1800.0
Gurgaon,Semi-Furnished,5,Flat,1950.0
Gurgaon,Semi-Furnished,5,Villa,2700.0
Gurgaon,Semi-Furnished,5,Flat,625.0
Gurgaon,Semi-Furnished,5,Flat,965.0
Gurgaon,Semi-Furnished,5,Flat,470.0
Gurgaon,Semi-Furnished,5,Flat,310.0
Gurgaon,Semi-Furnished,5,Villa,1800.0
Gurgaon,Semi-Furnished,5,House,1300.0
Gurgaon,Furnished,5,Villa,1900.0
Gurgaon,Furnished,5,Flat,1050.0
Gurgaon,Semi-Furnished,5,Flat,806.0
Gurgaon,Semi-Furnished,5,Flat,869.0
Gurgaon,Unfurnished,5,Flat,774.0
Gurgaon,Unfurnished,5,Flat,625.0
Gurgaon,Semi-Furnished,5,Flat,495.0
Gurgaon,Semi-Furnished,5,Flat,650.0
Gurgaon,Unfurnished,5,Flat,1576.0
Gurgaon,Semi-Furnished,5,Villa,2100.0
Gurgaon,Semi-Furnished,5,Flat,550.0
Gurgaon,Semi-Furnished,5,Flat,1800.0
Gurgaon,Semi-Furnished,5,Flat,675.0
Gurgaon,Semi-Furnished,5,Villa,1300.0
Gurgaon,Semi-Furnished,5,Flat,414.0
Chennai,Unfurnished,5,Villa,280.0
Chennai,Unfurnished,5,Villa,168.0
Chennai,Unfurnished,5,Flat,1223.0
Chennai,Unfurnished,5,Villa,875.0
Chennai,Unfurnished,5,Flat,760.0
Chennai,Furnished,5,Villa,236.0
Chennai,Semi-Furnished,5,Villa,600.0
Chennai,Furnished,5,Flat,330.0
Chennai,Furnished,5,Flat,260.0
Chennai,Unfurnished,5,Villa,275.0
Chennai,Semi-Furnished,5,House,198.0
Chennai,Unfurnished,5,Villa,225.0
Chennai,Unfurnished,5,Flat,760.0
Chennai,Unfurnished,5,Flat,144.0
Chennai,Unfurnished,5,Flat,550.0
Chennai,Semi-Furnished,5,Villa,195.0
Chennai,Semi-Furnished,5,Villa,330.0
Chennai,Unfurnished,5,House,210.0
Chennai,Semi-Furnished,5,Villa,900.0
Chennai,Furnished,5,House,550.0
Chennai,Furnished,5,Villa,1000.0
Chennai,Semi-Furnished,5,Villa,300.0
Chennai,Furnished,5,Flat,600.0
Chennai,Semi-Furnished,5,Villa,1485.0
Chennai,Semi-Furnished,5,Flat,630.0
Chennai,Unfurnished,5,Villa,800.0
Chennai,Semi-Furnished,5,House,1200.0
Chennai,Semi-Furnished,5,Flat,661.0
Chennai,Unfurnished,5,Villa,160.0
Chennai,Semi-Furnished,5,House,294.0
Hyderabad,Unfurnished,5,Villa,920.0
Hyderabad,Unfurnished,5,Villa,162.0
Hyderabad,Unfurnished,5,Villa,483.0
Hyderabad,Unfurnished,5,Flat,602.0
Hyderabad,Unfurnished,5,Flat,471.0
Hyderabad,Unfurnished,5,Villa,534.0
Hyderabad,Unfurnished,5,Villa,672.0
Hyderabad,Unfurnished,5,Flat,990.0
Hyderabad,Unfurnished,5,Flat,684.0
Hyderabad,Semi-Furnished,5,Villa,1100.0
Hyderabad,Semi-Furnished,5,Villa,430.0
Hyderabad,Unfurnished,5,Flat,745.0
Hyderabad,Furnished,5,Villa,750.0
Hyderabad,Semi-Furnished,5,House,1845.0
Hyderabad,Semi-Furnished,5,House,650.0
Hyderabad,Unfurnished,5,Villa,850.0
Hyderabad,Unfurnished,5,Villa,267.0
Hyderabad,Unfurnished,5,Flat,627.0
Hyderabad,Unfurnished,5,Villa,1300.0
Hyderabad,Furnished,5,Villa,1300.0
Hyderabad,Semi-Furnished,5,House,175.0
Hyderabad,Semi-Furnished,5,House,275.0
Hyderabad,Furnished,5,Villa,710.0
Hyderabad,Furnished,5,House,170.0
Hyderabad,Unfurnished,5,Flat,419.0
Hyderabad,Unfurnished,5,Villa,472.0
Hyderabad,Semi-Furnished,5,Villa,1350.0
Hyderabad,Unfurnished,5,Flat,509.0
Hyderabad,Unfurnished,5,House,910.0
Hyderabad,Unfurnished,5,Villa,1300.0
Pune,Semi-Furnished,5,Flat,230.0
Pune,Unfurnished,5,Flat,360.0
Pune,Unfurnished,5,Villa,198.0
Pune,Unfurnished,5,Flat,258.0
Pune,Unfurnished,5,Flat,340.0
Pune,Semi-Furnished,5,Flat,477.0
Pune,Semi-Furnished,5,Flat,250.0
Pune,Unfurnished,5,Flat,319.0
Pune,Unfurnished,5,Flat,125.0
Pune,Semi-Furnished,5,Flat,645.0
Pune,Furnished,5,Villa,850.0
Pune,Unfurnished,5,Flat,235.0
Pune,Unfurnished,5,Flat,626.0
Pune,Unfurnished,5,Flat,295.0
Pune,Unfurnished,5,Flat,237.0
Pune,Unfurnished,5,Flat,371.0
Pune,Unfurnished,5,Flat,371.0
Pune,Unfurnished,5,Flat,626.0
Pune,Unfurnished,5,Flat,370.0
Pune,Furnished,5,Flat,1800.0
Pune,Unfurnished,5,Flat,266.0
Pune,Semi-Furnished,5,Flat,1100.0
Pune,Unfurnished,5,Flat,349.0
Pune,Unfurnished,5,Flat,600.0
Pune,Semi-Furnished,5,Flat,390.0
Pune,Semi-Furnished,5,Villa,395.0
Pune,Furnished,5,Villa,800.0
Pune,Unfurnished,5,Flat,400.0
Pune,Unfurnished,5,Flat,611.0
Pune,Furnished,5,Flat,785.0
Trivandrum,Furnished,3,House,300.0
Kannur,Furnished,3,House,200.0
Trivandrum,Semi-Furnished,2,Flat,60.0
Trivandrum,Furnished,2,House,75.0
Shimala,Furnished,2,House,88.0
Palakad,Furnished,4,House,220.0
Kollam,Furnished,2,Flat,77.0
Trivandrum,Furnished,3,Flat,120.0
